{"duration": 0.002008676528930664, "input_args": {"text": "'ap pravda ru'"}, "time": 1742629191.7218285}