{"duration": 0.0017437934875488281, "input_args": {"text": "\"I know I won't but a ton of stupid Merican in cities might.\""}, "time": 1742563217.812519}