{"duration": 0.003790616989135742, "input_args": {"text": "'Posted: Nov 9th, 2016 by Guest Click for more article by Guest .. More Stories about: Ticker'"}, "time": 1742563673.9707556}