{"duration": 0.015696287155151367, "input_args": {"text": "'maybe mean chance violence'"}, "time": 1742629336.5994911}