{"duration": 0.013331890106201172, "input_args": {"text": "'Which countries abstained?'"}, "time": 1742561991.5895696}