{"duration": 0.013823986053466797, "input_args": {"text": "'  Midfield Diamond   Midfield Diamond   0 November 1, 2016 0 October 27, 2016 0'"}, "time": 1742562605.9550395}