{"duration": 0.006535530090332031, "input_args": {"text": "'Sad little xenophobe'"}, "time": 1742561991.9966297}