{"duration": 0.005018472671508789, "input_args": {"text": "'everybody just needs to calm their TTs nobody do nothing'"}, "time": 1742562499.7499363}