{"duration": 0.008028268814086914, "input_args": {"text": "'Beard or no beard I can spot them a mile away. And other senses used.'"}, "time": 1742562218.4867465}