{"duration": 0.008028984069824219, "input_args": {"text": "'They got the heater turned up on high.'"}, "time": 1742561644.1891596}