{"duration": 0.0033295154571533203, "input_args": {"text": "'1990 comic book predicted the Donald Trump campaign  '"}, "time": 1742628518.681653}