{"duration": 0.014693737030029297, "input_args": {"text": "'Support Us Arrivals and Departures \u2013 Wednesday (Runway 36) \u2013 EAA AirVenture Oshkosh 2016'"}, "time": 1742561812.7233067}