{"duration": 0.0076160430908203125, "input_args": {"text": "'Europe is cucked AND fucked.. Time to airlift in cases of Vaseline.'"}, "time": 1742564497.960386}