{"duration": 0.0020041465759277344, "input_args": {"text": "'  Wrenfoe   Wrenfoe .. More Stories about: Ticker'"}, "time": 1742562960.4209878}