{"duration": 0.00896596908569336, "input_args": {"text": "\"tfw the pussy doesn't want to be grabbed....\""}, "time": 1742563242.6902382}