{"duration": 0.007533550262451172, "input_args": {"text": "'i can hear msm somewhere using this as proof russia started isis.'"}, "time": 1742561917.0695052}