{"duration": 0.008030414581298828, "input_args": {"text": "'more like a burning bag of shit on a doorstep....\\n// //'"}, "time": 1742561827.8443165}