{"duration": 0.008029460906982422, "input_args": {"text": "\"ah...it's Aloha Snack Bar...\""}, "time": 1742563589.6071477}