{"duration": 0.005407094955444336, "input_args": {"text": "'Trump all the way!'"}, "time": 1742564603.6480136}