{"duration": 0.0020089149475097656, "input_args": {"text": "'Thanks for the list of states and the # to call if we see voter fraud'"}, "time": 1742628574.2268987}