{"duration": 0.009911298751831055, "input_args": {"text": "\"I'm waiting for the one that puts a pussy on my face\""}, "time": 1742562210.193214}