{"duration": 0.014029979705810547, "input_args": {"text": "'Literally, dogs are too tasty.'"}, "time": 1742563942.8187828}