{"duration": 0.008919715881347656, "input_args": {"text": "'troll\u2026ignore the ignorant and blatantly dumb \u201cAlfi\u201d.'"}, "time": 1742561820.5938902}