{"duration": 0.0040166378021240234, "input_args": {"text": "'think must get away thisit good'"}, "time": 1742629173.18628}