{"duration": 0.005519390106201172, "input_args": {"text": "'Hillary Clinton can\u2019t believe she\u2019s losing.  '"}, "time": 1742561984.5787094}