{"duration": 0.002939939498901367, "input_args": {"text": "'right well clear'"}, "time": 1742629377.4012766}