{"duration": 0.007270336151123047, "input_args": {"text": "'Generally Confusing Accounting Principles'"}, "time": 1742563149.0849452}