{"duration": 0.01131582260131836, "input_args": {"text": "\"you should've been swallowed you inbred swine\""}, "time": 1742628305.6678164}