{"duration": 0.007979631423950195, "input_args": {"text": "'They can \"ignore\" all they want, but they cannot ignore history.'"}, "time": 1742563402.8466156}