{"duration": 0.003055095672607422, "input_args": {"text": "'joking that\u2019s my mum'"}, "time": 1742562247.5395164}