{"duration": 0.010378360748291016, "input_args": {"text": "\"CHROME IS RECOMMENDED BROWSER FOR IWB TODAY'S HOT POSTS\""}, "time": 1742561865.1790574}