{"duration": 0.023467540740966797, "input_args": {"text": "'Support Us The Arrivals Bosanski Prijevod 24-freedomUnplugged'"}, "time": 1742564238.6274712}