{"duration": 0.010953664779663086, "input_args": {"text": "'Author Topic: Obsolete 2016 (Read 2 times) 0 Members and 1 Guest are viewing this topic.'"}, "time": 1742563317.2579849}