{"duration": 0.002145528793334961, "input_args": {"text": "\"Payday for the Devil's workmen.\""}, "time": 1742561812.708613}