{"duration": 0.01778244972229004, "input_args": {"text": "'Philippines Will Not Be a \u2018Dog Barking for Crumbs\u2019\\nWell, thank goodness for that.'"}, "time": 1742562571.1489265}