{"duration": 0.01587224006652832, "input_args": {"text": "'GUYS THE PURGE WONT HAPPEN ITS A MOVIE ITS FAKE IDIOTS'"}, "time": 1742561685.3702698}