{"duration": 0.01582193374633789, "input_args": {"text": "'Obamas blunder.'"}, "time": 1742561980.392709}