{"duration": 0.0040683746337890625, "input_args": {"text": "'Easy, check for recent razor cuts.'"}, "time": 1742628523.1640954}