{"duration": 0.008475780487060547, "input_args": {"text": "\"Don't worry, the PEOPLE are coming to TAKE BACK their country!!\""}, "time": 1742561861.0627558}