{"duration": 0.016867637634277344, "input_args": {"text": "'tragic right care rich enough'"}, "time": 1742629298.092603}