{"duration": 0.0034024715423583984, "input_args": {"text": "'reuters reuters usgs pravdaru'"}, "time": 1742629366.043251}