{"duration": 0.019122600555419922, "input_args": {"text": "'thank wikileak direct email evidence collusion msm hillary clinton'"}, "time": 1742629267.0035977}