{"duration": 0.002003908157348633, "input_args": {"text": "'Chart Of The Day: Restaurant Performance Index Heading South  '"}, "time": 1742564621.44895}