{"duration": 0.007019519805908203, "input_args": {"text": "'I\u2019m ready come to me , you will regret your action.'"}, "time": 1742562018.75407}