{"duration": 0.002321958541870117, "input_args": {"text": "'Right. Well that clears that up.'"}, "time": 1742628599.1170835}