{"duration": 0.006754159927368164, "input_args": {"text": "'Posted: Nov 10th, 2016 by Guest   Guest   Ticker'"}, "time": 1742561847.1078923}