{"duration": 0.00502324104309082, "input_args": {"text": "'Gary North has the video . 12:56  '"}, "time": 1742562833.7539206}