{"duration": 0.00310516357421875, "input_args": {"text": "'criminal element trump deport'"}, "time": 1742629348.5389476}