{"duration": 0.015958786010742188, "input_args": {"text": "'Hanging.jpg 703x978 221 KB'"}, "time": 1742562086.7118912}