{"duration": 0.01636791229248047, "input_args": {"text": "'robinson r robinson'"}, "time": 1742629339.7954364}