{"duration": 0.011068582534790039, "input_args": {"text": "'Not likely.'"}, "time": 1742564302.7925022}