{"duration": 0.005705833435058594, "input_args": {"text": "'No, no just leave the gun there and GET BACK IN THE KITCHEN NOW!!!'"}, "time": 1742562409.965169}