{"duration": 0.001088857650756836, "input_args": {"text": "'John Oliver\u2019s Smear Tactics Exposed As Establishment Propaganda  '"}, "time": 1742562681.1051345}