{"duration": 0.004009723663330078, "input_args": {"text": "'No.'"}, "time": 1742562290.0483868}