{"duration": 0.004016399383544922, "input_args": {"text": "'expect people can not pay penalty taxis put prison happen'"}, "time": 1742629185.1532807}