{"duration": 0.008361339569091797, "input_args": {"text": "'Brilliant!'"}, "time": 1742562095.543987}