{"duration": 0.010735273361206055, "input_args": {"text": "'Support Us Fifa 17 \u2013 The special arrivals season playthrough \u2013 Vs Chelsea and Coulchester'"}, "time": 1742564432.5928237}