{"duration": 0.004515171051025391, "input_args": {"text": "'Viva La Trumpinistas!!!!'"}, "time": 1742562221.190101}