{"duration": 0.003177165985107422, "input_args": {"text": "'A guide to the topical fireworks of 2016'"}, "time": 1742563114.5525687}