{"duration": 0.009006261825561523, "input_args": {"text": "'All eyes on Electoral delegates. The People know where they live!'"}, "time": 1742563209.978744}