{"duration": 0.011821269989013672, "input_args": {"text": "'Good one Doc!'"}, "time": 1742562023.8639426}