{"duration": 0.004009246826171875, "input_args": {"text": "'Posted: Nov 16th, 2016 by Guest Click for more article by Guest .. More Stories about: Ticker'"}, "time": 1742562145.8911452}