{"duration": 0.004016399383544922, "input_args": {"text": "'telegram telegram join'"}, "time": 1742629190.2264404}