{"duration": 0.015923261642456055, "input_args": {"text": "\"Only five?\\nSheesh, with Killary it's at least 1,000 terrifying things.\""}, "time": 1742562234.1107767}