{"duration": 0.010594844818115234, "input_args": {"text": "'What the hell are we doing over there, insanity...'"}, "time": 1742563298.6111603}