{"duration": 0.005522727966308594, "input_args": {"text": "'Better this than letting them regroup and counter.'"}, "time": 1742564538.7452915}