{"duration": 0.003988742828369141, "input_args": {"text": "'thank list state call see voter fraud'"}, "time": 1742629361.432831}