{"duration": 0.007821083068847656, "input_args": {"text": "'$2.9B/year could have taken care of many highway repairs across the nation...'"}, "time": 1742564374.3198977}