{"duration": 0.016062498092651367, "input_args": {"text": "'As long as it identifies as accounting'"}, "time": 1742563359.4948168}