{"duration": 0.06213974952697754, "input_args": {"text": "'Jews are the old pedophiles:'"}, "time": 1742628363.0934572}