{"duration": 1.2127766609191895, "input_args": {"text": "'UN out of America\\nAmerica out of the UN'"}, "time": 1742562799.3553596}