{"duration": 0.015941143035888672, "input_args": {"text": "'dutch news jit boeing boeing boeing boeing pravdaru'"}, "time": 1742629284.3007379}