{"duration": 0.004186868667602539, "input_args": {"text": "'chart day since recovery stagnation'"}, "time": 1742629362.8811877}