{"duration": 0.010544538497924805, "input_args": {"text": "'A\u00f1o 63: Cupido logra que le validen la aptitud \u201carquero\u201d en Linkedin EFEM\u00c9RIDES DE LA SEMANA  '"}, "time": 1742563331.4035387}