{"duration": 0.0065555572509765625, "input_args": {"text": "'Yes... AARP opposed Single Payer. Boycott them.'"}, "time": 1742563423.1319332}