{"duration": 0.0049591064453125, "input_args": {"text": "'Israel.'"}, "time": 1742562901.1507404}