{"duration": 0.012535810470581055, "input_args": {"text": "'source Add To The Conversation Using Facebook Comments'"}, "time": 1742561679.6460962}