{"duration": 0.006388425827026367, "input_args": {"text": "\"That's a blow-torch!\""}, "time": 1742562294.7172217}