{"duration": 0.014211654663085938, "input_args": {"text": "'nnnndddd thats how you get drone striked....'"}, "time": 1742563102.6532104}