{"duration": 0.04632115364074707, "input_args": {"text": "'Support Us Easy Street Recent Used Vinyl Arrivals!'"}, "time": 1742628377.6386814}