{"duration": 0.007365703582763672, "input_args": {"text": "'That brewed up well and good'"}, "time": 1742561816.9842594}