{"duration": 0.0018627643585205078, "input_args": {"text": "'Can we then send moslems to the Sun?'"}, "time": 1742562871.5693479}