{"duration": 0.0030694007873535156, "input_args": {"text": "'\u0627\u0644\u0639\u0631\u0627\u0642 \u064a\u0645\u0646\u0639 \u0627\u0644\u0643\u062d\u0648\u0644 \u0634\u0628\u0643\u0629 \u0641\u0648\u0644\u062a\u064a\u0631 | 26 \u062a\u0634\u0631\u064a\u0646 \u0627\u0644\u0623\u0648\u0644 (\u0623\u0643\u062a\u0648\u0628\u0631) 2016 fran\u00e7ais Espa\u00f1ol italiano Deutsch \u0623\u0642\u0631 \u0627\u0644\u0628\u0631\u0644\u0645\u0627\u0646 \u0627\u0644\u0639\u0631\u0627\u0642\u064a \u0628\u062c\u0644\u0633\u0629 \u0645\u063a\u0644\u0642\u0629 \u0641\u064a 22 \u0623\u0643\u062a\u0648\u0628\u0631 2016\u060c \u062a\u0639\u062f\u064a\u0644\u0627 \u0639\u0644\u0649 \u0642\u0627\u0646\u0648\u0646 \u0627\u0644\u0628\u0644\u062f\u064a\u0627\u062a\u060c \u064a\u0642\u0636\u064a \u0628\u062d\u0638\u0631 \u0628\u064a\u0639 \u0648\u0627\u0633\u062a\u064a\u0631\u0627\u062f \u0648\u0625\u0646\u062a\u0627\u062c \u0627\u0644\u0643\u062d\u0648\u0644\\n\u0627\u0639\u062a\u0645\u062f \u0647\u0630\u0627 \u0627\u0644\u062d\u0638\u0631 \u0644\u0627\u0631\u0636\u0627\u0621 \u0627\u0644\u0625\u0633\u0644\u0627\u0645\u064a\u064a\u0646 \u0639\u0634\u064a\u0629 \u0625\u0637\u0644\u0627\u0642 \u062a\u062d\u0631\u064a\u0631 \u0627\u0644\u0645\u0648\u0635\u0644 \u0627\u0644\u0645\u062d\u062a\u0644\u0629 \u0645\u0646 \u0642\u0628\u0644 \u062f\u0627\u0639\u0634 .\u0648\u064a\u0646\u0635 \u0627\u0644\u0642\u0627\u0646\u0648\u0646 \u0639\u0644\u0649 \u063a\u0631\u0627\u0645\u0627\u062a \u0645\u0646 8 \u0625\u0644\u0649 20 \u0623\u0644\u0641 \u062f\u0648\u0644\u0627\u0631 \u0644\u0643\u0644 \u0645\u062e\u0627\u0644\u0641\\n\u0628\u0627\u0646\u0638\u0631 \u0625\u0644\u0649 \u0623\u0646 \u0647\u0630\u0627 \u0627\u0644\u0642\u0627\u0646\u0648\u0646 \u062a\u0645\u064a\u064a\u0632\u064a \u0628\u062d\u0642 \u0627\u0644\u0645\u0633\u064a\u062d\u064a\u064a\u0646 \u0627\u0644\u0630\u064a\u0646 \u064a\u0633\u062a\u062e\u062f\u0645\u0648\u0646 \u0627\u0644\u0646\u0628\u064a\u0630 \u0641\u064a \u0625\u062d\u064a\u0627\u0621 \u0627\u0644\u0642\u062f\u0627\u0633\u060c \u0641\u0642\u062f \u0642\u0631\u0631\u0648\u0627 \u0631\u0641\u0639 \u062f\u0639\u0648\u0649 \u0636\u062f \u0646\u0635 \u0627\u0644\u0642\u0627\u0646\u0648\u0646 \u0623\u0645\u0627\u0645 \u0645\u062d\u0643\u0645\u0629 \u0641\u062f\u0631\u0627\u0644\u064a\u0629\\n\u062a\u0631\u062c\u0645\u0629\\n\u0633\u0639\u064a\u062f \u0647\u0644\u0627\u0644 \u0627\u0644\u0634\u0631\u064a\u0641\u064a'"}, "time": 1742563324.6961052}