{"duration": 0.006879329681396484, "input_args": {"text": "'expertru newscentralexseescom xaxaorg'"}, "time": 1742629337.643487}