{"duration": 0.01575446128845215, "input_args": {"text": "'It\u2019s 3446 KKK has killed in 86 years'"}, "time": 1742561899.289597}