{"duration": 0.008028030395507812, "input_args": {"text": "'  Zones\"confuse  '"}, "time": 1742562908.0743117}