{"duration": 0.0035126209259033203, "input_args": {"text": "'allow put dog face top real face b sound right dog face'"}, "time": 1742629341.2590585}