{"duration": 0.005360603332519531, "input_args": {"text": "'July 24, 2016 Latest Radio Show'"}, "time": 1742564491.8573189}