{"duration": 0.004498720169067383, "input_args": {"text": "'Chart Of The Day: Soaring Obamacare Premiums By State   \\n '"}, "time": 1742628469.7426775}