{"duration": 0.008803844451904297, "input_args": {"text": "''"}, "time": 1742629172.48734}