{"duration": 0.005391120910644531, "input_args": {"text": "'support we easy street recent use vinyl arrival'"}, "time": 1742629223.2858303}