{"duration": 0.002007722854614258, "input_args": {"text": "'not receipt'"}, "time": 1742629171.9705067}