{"duration": 0.00974583625793457, "input_args": {"text": "'China and Phillipines are developing relations Momo. Keep up'"}, "time": 1742563813.6262193}