{"duration": 0.004213571548461914, "input_args": {"text": "'blobjpg x kb'"}, "time": 1742629352.2695854}