{"duration": 0.009041547775268555, "input_args": {"text": "\"I'm sure everything is above board\""}, "time": 1742562252.7436934}