{"duration": 0.01564931869506836, "input_args": {"text": "\"don't we have the receipt?\""}, "time": 1742628287.43814}