{"duration": 0.004015922546386719, "input_args": {"text": "'news friday november'"}, "time": 1742629230.9436967}