{"duration": 0.0018124580383300781, "input_args": {"text": "'In obamaland...'"}, "time": 1742562173.493014}