{"duration": 0.004209995269775391, "input_args": {"text": "'guest guest story ticker'"}, "time": 1742629373.427791}