{"duration": 0.012798309326171875, "input_args": {"text": "'Support Us iMAHDi \u2013 the arrivals 28 Why Satanism is Practiced by Our Leaders \u0627\u0644\u0642\u0627\u062f\u0645\u0648\u0646'"}, "time": 1742561732.730213}