{"duration": 0.010552167892456055, "input_args": {"text": "'Ludicrous...'"}, "time": 1742561686.2567525}