{"duration": 0.009007453918457031, "input_args": {"text": "\"Hmm, free college, now that's an idea.\""}, "time": 1742561902.3608797}