{"duration": 0.004647970199584961, "input_args": {"text": "'liar'"}, "time": 1742562158.3953414}