{"duration": 0.005001544952392578, "input_args": {"text": "'Google &quot;Donald Trump, pedophile&quot;'"}, "time": 1742562227.7640233}