{"duration": 0.010101079940795898, "input_args": {"text": "'Where is the announcement from Ivanka that you promoted?'"}, "time": 1742562087.3952913}