{"duration": 0.00897216796875, "input_args": {"text": "'All day send that shit robert'"}, "time": 1742563166.8255687}