{"duration": 0.013769149780273438, "input_args": {"text": "'play antisemitic card boycott jewish'"}, "time": 1742629342.0276866}