{"duration": 0.0057430267333984375, "input_args": {"text": "'I am dazzeled by bullshit'"}, "time": 1742563378.6245792}