{"duration": 0.008028745651245117, "input_args": {"text": "'Jesus hurry back. . To much suffering..thk u. Julian Assage.'"}, "time": 1742562403.8555586}