{"duration": 0.008714914321899414, "input_args": {"text": "'Chelsea Clinton: With Scalia\u2019s Death We Can Now Enact Gun Control  '"}, "time": 1742564356.895337}