{"duration": 0.006020784378051758, "input_args": {"text": "'It\u2019s always a pleasure \ud83d\ude42'"}, "time": 1742564276.4135659}