{"duration": 0.0040624141693115234, "input_args": {"text": "'fuck us government'"}, "time": 1742629256.7610185}