{"duration": 0.00430750846862793, "input_args": {"text": "'ap national interest pravdaru pravda ru'"}, "time": 1742629368.165851}