{"duration": 0.003751039505004883, "input_args": {"text": "'Tragic? Right.. who cares. She is rich enough.'"}, "time": 1742628485.8603418}