{"duration": 0.006080150604248047, "input_args": {"text": "'\\nOctober 28, 2016 The Mothers by stclair by'"}, "time": 1742564568.2359233}