{"duration": 0.019481658935546875, "input_args": {"text": "'I think we must get away from this\u2026its not good\u2026'"}, "time": 1742628292.483055}