{"duration": 0.004337787628173828, "input_args": {"text": "'national geographic stril explorer xvi xviii iv pravda ru'"}, "time": 1742629299.7738812}