{"duration": 0.0039141178131103516, "input_args": {"text": "'world mad man ever hope survive screw bunker party time'"}, "time": 1742629348.754062}