{"duration": 0.007769584655761719, "input_args": {"text": "'9 down, a billion more to go'"}, "time": 1742563868.622641}