{"duration": 0.01262521743774414, "input_args": {"text": "'I am very sorry for your arrogant ignorance...'"}, "time": 1742563103.350059}