{"duration": 0.008361577987670898, "input_args": {"text": "'Did they post their votes for Hillary already?'"}, "time": 1742564044.167163}