{"duration": 0.010242462158203125, "input_args": {"text": "'Afghanistan President Mohammad Ashraf Ghani (Patrick Tsui/FCO)'"}, "time": 1742561936.8817315}