{"duration": 0.002003908157348633, "input_args": {"text": "'Support Us Illuminati Mind Control documentary 2016'"}, "time": 1742562521.8807287}