{"duration": 0.0036363601684570312, "input_args": {"text": "'11/08/2016  '"}, "time": 1742563333.4174917}