{"duration": 0.027236223220825195, "input_args": {"text": "'\u0413\u043b\u0430\u0432\u043d\u0430\u044f \u00bb News \u00bb \u00ab\u03a7\u03b1\u03c3\u03c4\u03bf\u03cd\u03ba\u03b9\u00bb \u039f\u0397\u0395 \u03c3\u03c4\u03b7\u03bd \u03a4\u03bf\u03c5\u03c1\u03ba\u03af\u03b1: \u0394\u03b5\u03bd \u03ad\u03c7\u03b5\u03b9 \u00ab\u03bb\u03b5\u03c5\u03ba\u03ae \u03b5\u03c0\u03b9\u03c4\u03b1\u03b3\u03ae \u03c3\u03c4\u03b7\u03bd \u03ba\u03b1\u03c4\u03b1\u03c0\u03ac\u03c4\u03b7\u03c3\u03b7 \u03b5\u03bb\u03b5\u03c5\u03b8\u03b5\u03c1\u03b9\u03ce\u03bd \u00ab\u03a7\u03b1\u03c3\u03c4\u03bf\u03cd\u03ba\u03b9\u00bb \u039f\u0397\u0395 \u03c3\u03c4\u03b7\u03bd \u03a4\u03bf\u03c5\u03c1\u03ba\u03af\u03b1: \u0394\u03b5\u03bd \u03ad\u03c7\u03b5\u03b9 \u00ab\u03bb\u03b5\u03c5\u03ba\u03ae \u03b5\u03c0\u03b9\u03c4\u03b1\u03b3\u03ae \u03c3\u03c4\u03b7\u03bd \u03ba\u03b1\u03c4\u03b1\u03c0\u03ac\u03c4\u03b7\u03c3\u03b7 \u03b5\u03bb\u03b5\u03c5\u03b8\u03b5\u03c1\u03b9\u03ce\u03bd Friday, 18 November, 2016 - 15:30 '"}, "time": 1742628395.1306167}