{"duration": 0.008862018585205078, "input_args": {"text": "'out of america \\ngood bye'"}, "time": 1742562643.2505574}