{"duration": 0.005472660064697266, "input_args": {"text": "'Rand Corp. Blasts \u2018Truth Decay\u2019 \u2013 Wants Facts Determined by Appropriate Leaders   Disagreements   \\nMichael  '"}, "time": 1742564057.9071412}