{"duration": 0.007645845413208008, "input_args": {"text": "'Apple HomeKit home security security smart house'"}, "time": 1742561725.7926686}