{"duration": 0.03369545936584473, "input_args": {"text": "'Birle\u015fik Krall\u0131k, Suriye\u2019de cihat\u00e7\u0131lar\u0131 e\u011fitmeye yeniden ba\u015fl\u0131yor Voltaire \u0130leti\u015fim A\u011f\u0131 | 2 Kas\u0131m 2016 fran\u00e7ais Espa\u00f1ol Deutsch Portugu\u00eas italiano \u0130ngiliz Savunma Bakan\u0131 Michael Fallon, \u00fclkesinin \u00d6zg\u00fcr Suriye Ordusunu yeniden olu\u015fturaca\u011f\u0131n\u0131 duyurdu. B\u00f6ylece \u0130ngiliz H\u00fck\u00fcmeti, 2014 y\u0131l\u0131nda Ba\u015fkan Obama taraf\u0131ndan ba\u015flat\u0131lan \u00ab \u0131l\u0131ml\u0131 \u00bb olarak adland\u0131r\u0131lan sava\u015f\u00e7\u0131lar\u0131n e\u011fitim program\u0131n\u0131 yeniden ba\u015flat\u0131yor.\\n\u00d6zg\u00fcr Suriye Ordusu, 2011 y\u0131l\u0131nda El-Kaide\u2019nin Libyal\u0131 \u00f6nderi Abd\u00fclhakim Belhac \u00e7evresinde Fransa taraf\u0131ndan olu\u015fturuldu. S\u00f6z konusu operasyon, Albay Riyad el-Esat \u00f6nderli\u011finde Suriye Ordusundan firar edenlere yap\u0131lan bir yard\u0131m olarak sunulmu\u015ftu. Daha sonra \u00d6SO \u00fcyeleri zamanla El-Kaide\u2019ye kat\u0131ld\u0131. 2016 y\u0131l\u0131nda, \u00d6SO etiketi, T\u00fcrkmen milisleri i\u00e7in bu ad\u0131 kullanan T\u00fcrkiye taraf\u0131ndan yeniden canland\u0131r\u0131ld\u0131.\\nABD\u2019ye gelince, yeni \u00ab isyanc\u0131 sava\u015f\u00e7\u0131lar\u0131n \u00bb e\u011fitimi i\u00e7in bir bu\u00e7uk milyar dolar harcam\u0131\u015ft\u0131. \u00d6te yandan bu e\u011fitilen insanlar\u0131n t\u00fcm\u00fc bug\u00fcn El-Kaide\u2019ye kat\u0131lm\u0131\u015f durumdad\u0131r.\\nDolay\u0131s\u0131yla da \u0130ngilizlerin yeni programlar\u0131n\u0131n, El-Kaide\u2019ye y\u00f6nelik yeni bir \u00f6rt\u00fcl\u00fc yard\u0131m olmas\u0131 kuvvetle muhtemel.\\n\u00c7eviri\\nOsman Soysal'"}, "time": 1742564466.1474094}