{"duration": 0.00651860237121582, "input_args": {"text": "'Surely you Josh'"}, "time": 1742561944.4884593}