{"duration": 0.003846883773803711, "input_args": {"text": "'hillary clinton care care obtain vote'"}, "time": 1742629368.3381636}