{"duration": 0.008391141891479492, "input_args": {"text": "'Cloud Centric (C2) Crime Scene Investigation \\n\\n'"}, "time": 1742562878.6804636}