{"duration": 0.007838249206542969, "input_args": {"text": "'When will you stop putting up with an invasion of barbarians?'"}, "time": 1742561768.1225886}