{"duration": 0.0018198490142822266, "input_args": {"text": "'And for the last two weeks, Gold is \"naturally\", unchanged.'"}, "time": 1742562055.2575214}