{"duration": 0.0035729408264160156, "input_args": {"text": "'Be the First to Comment!   Search articles'"}, "time": 1742561985.9714222}