{"duration": 0.009887933731079102, "input_args": {"text": "\"Don't worry Sheriff Joe we have your back\""}, "time": 1742628398.1810422}