{"duration": 0.006016969680786133, "input_args": {"text": "'Goodbye with the trash'"}, "time": 1742564412.5404236}