{"duration": 0.006253957748413086, "input_args": {"text": "'I hope nobody got hurt!'"}, "time": 1742564555.6508572}