{"duration": 0.008022546768188477, "input_args": {"text": "'We need to know more about this virus. We can lead a better life.'"}, "time": 1742562069.2666616}