{"duration": 0.009677648544311523, "input_args": {"text": "'boy, look at that flame'"}, "time": 1742562132.872767}