{"duration": 0.005110502243041992, "input_args": {"text": "'\u201cJesus\u201d will save his soul not his body, Ignorant piece of shit.'"}, "time": 1742564393.827265}