{"duration": 0.008361577987670898, "input_args": {"text": "'  Guest   Guest  '"}, "time": 1742561641.1389685}