{"duration": 0.0012209415435791016, "input_args": {"text": "'Ramzy Baroud'"}, "time": 1742563664.351562}