{"duration": 0.007238626480102539, "input_args": {"text": "'Home \u203a VIDEO \u203a WE NOW HAVE PROOF OBAMACARE WAS DESIGNED TO FAIL\u2026AND HERE\u2019S WHY WE NOW HAVE PROOF OBAMACARE WAS DESIGNED TO FAIL\u2026AND HERE\u2019S WHY 0'"}, "time": 1742563071.8889313}