{"duration": 0.0073015689849853516, "input_args": {"text": "'fotodomrudp iii pravda ru pravdaru'"}, "time": 1742629328.6686137}