{"duration": 0.0060961246490478516, "input_args": {"text": "'Combined dipshit, all the women and children in developing world\u2026.combined.'"}, "time": 1742562049.1527512}