{"duration": 0.0060214996337890625, "input_args": {"text": "'Innocent...'"}, "time": 1742564281.8138807}