{"duration": 0.003907918930053711, "input_args": {"text": "'english espaol franais trke deutsch portugus italiano norsk'"}, "time": 1742629273.5705705}