{"duration": 0.009153366088867188, "input_args": {"text": "'Is that what this article said?'"}, "time": 1742564172.6878695}