{"duration": 0.0020072460174560547, "input_args": {"text": "'blob.jpg 640x352 66.1 KB'"}, "time": 1742628561.5380635}