{"duration": 0.008026838302612305, "input_args": {"text": "'Lying, arrogant Muslim, Marxist piece of dogsh*t.'"}, "time": 1742563040.4064693}