{"duration": 0.0030868053436279297, "input_args": {"text": "'drain swamp youtubecomwatchvotakuaoi'"}, "time": 1742629362.708672}