{"duration": 0.0040166378021240234, "input_args": {"text": "'yup spend moar tax dollar would not possible'"}, "time": 1742629274.868315}