{"duration": 0.003023386001586914, "input_args": {"text": "'inflation tick time bomb iwb october'"}, "time": 1742629380.7702212}