{"duration": 0.009105205535888672, "input_args": {"text": "'I have another slogan ; \u201cHang the Bitch or Burn the Witch\u201d !!!'"}, "time": 1742561848.116974}