{"duration": 0.003749847412109375, "input_args": {"text": "'make sense company disagree practice'"}, "time": 1742629317.6485376}