{"duration": 0.01003575325012207, "input_args": {"text": "'BREAKING \u2013 Wikileaks Batch 19 Email Reveals Clinton Campaign Very Concerned About \u201cThe Black\u201d Vote by IWB \u00b7 October 27, 2016'"}, "time": 1742561884.4863014}