{"duration": 0.014491796493530273, "input_args": {"text": "'MQ-1 Predator unmanned aircraft (Lt Col Leslie Pratt/US Air Force)'"}, "time": 1742561934.6208608}