{"duration": 0.014119863510131836, "input_args": {"text": "'Posted: Nov 6th, 2016 by MADJEZ   MADJEZ  '"}, "time": 1742628506.7556808}