{"duration": 0.13411664962768555, "input_args": {"text": "'TRUMP VICTORY FOR SURE'"}, "time": 1742562363.0866117}