{"duration": 0.011934995651245117, "input_args": {"text": "'Discours de Vladimir Poutine au Club de Valdai par Vladimir Poutine R\u00e9seau Voltaire | Sotchi (Russie) | 27 octobre 2016 English \u0440\u0443\u0441\u0441\u043a\u0438\u0439\\nVladimir Poutine'"}, "time": 1742564136.2640538}