{"duration": 0.0184628963470459, "input_args": {"text": "'cool and true'"}, "time": 1742563125.3353488}