{"duration": 0.01051950454711914, "input_args": {"text": "'How tragic for the world if true'"}, "time": 1742564479.1847792}