{"duration": 0.004492044448852539, "input_args": {"text": "'Support Us iMAHDi \u2013 the arrivals 39 The Prophet\u2019s Lineage\u0627\u0644\u0642\u0627\u062f\u0645\u0648\u0646'"}, "time": 1742562320.4609613}