{"duration": 0.012636423110961914, "input_args": {"text": "'October Merger Mania----Global Total Tops Peak 2007 Madness   \\nDavid  '"}, "time": 1742628388.8007917}