{"duration": 1.5159976482391357, "input_args": {"text": "'Notify me of follow-up comments by email. Notify me of new posts by email. \u2191 '"}, "time": 1742562377.0821733}