{"duration": 0.004931926727294922, "input_args": {"text": "'isis get guess know russin make'"}, "time": 1742629373.7008603}