{"duration": 0.004110813140869141, "input_args": {"text": "'pravda ru'"}, "time": 1742629369.5043905}