{"duration": 0.02460622787475586, "input_args": {"text": "'Zenit 2 2 0 0 9 3 6 \\nDundalk 2 1 1 0 2 1 4 \\nAlkmaar 2 0 1 1 1 6 1 \\nMaccabi 2 0 0 2 3 5 0 \\n\\nFK Austria 0 Vienna Plzen 0 \\nRoma 4 Astra Giurgiu 0 \\n\\nRoma 2 1 1 0 5 1 4 \\nFK Austria Vienna 2 1 1 0 3 2 4 \\nPlzen 2 0 2 0 1 1 2 \\nAstra Giurgiu 2 0 0 2 2 7 0 \\n\\nAthletic Bilbao 1 Rapid Vienna 0 \\nGenk 3 Sassuolo 1 \\nGenk 2 1 0 1 5 4 3 \\nSassuolo 2 1 0 1 4 3 3 \\nRapid Vienna 2 1 0 1 3 3 3 \\nAthletic Bilbao 2 1 0 1 1 3 3 \\n\\nAjax 1 Standard Li\u00e8ge 0 \\nCelta Vigo 2 Panathinaikos 0 \\n\\nAjax 2 2 0 0 3 1 6 \\nCelta Vigo 2 1 1 0 3 1 4 \\nStandard Li\u00e8ge 2 0 1 1 1 2 1 \\nPanathinaikos 2 0 0 2 1 4 0 \\n\\nKAA Gent 2 Konyaspor 0 \\nShakhtar Donetsk 2 Sporting Braga 0 \\n\\nShakhtar Donetsk 2 2 0 0 3 0 6 \\nKAA Gent 2 1 1 0 3 1 4 \\nSporting Braga 2 0 1 1 1 3 1 \\nKonyaspor 2 0 0 2 0 3 0 \\n\\nSchalke 3 R. Salzburg 1 \\nKrasnodar 5 Nice 2 \\nKrasnodar 2 2 0 0 6 2 6 \\nSchalke 2 2 0 0 4 1 6 \\nR. Salzburg 2 0 0 2 1 4 0 \\nNice 2 0 0 2 2 6 0'"}, "time": 1742561764.2639635}