{"duration": 0.006013631820678711, "input_args": {"text": "'WIKILEAKS Hillary\u2019s Campaign ILLEGALLY COLLUDED With Priorities USA SuperPAC by IWB \u00b7 October 25, 2016'"}, "time": 1742562792.5498438}