{"duration": 0.008438587188720703, "input_args": {"text": "'Israel should bulldoze it and replace it with a 7 11.'"}, "time": 1742563130.0851388}