{"duration": 0.009063482284545898, "input_args": {"text": "'Support Us Calgary Airport Arrivals YYC \\n '"}, "time": 1742561675.0011008}