{"duration": 0.0048978328704833984, "input_args": {"text": "'Nicely done!'"}, "time": 1742563292.791413}