{"duration": 0.00653529167175293, "input_args": {"text": "'agreed.'"}, "time": 1742563229.0506809}