{"duration": 0.008368492126464844, "input_args": {"text": "'All Governments Lie'"}, "time": 1742563558.3799782}