{"duration": 0.0014274120330810547, "input_args": {"text": "'Dumptrump and hillary m'"}, "time": 1742562251.8837168}