{"duration": 0.051192522048950195, "input_args": {"text": "' '"}, "time": 1742561631.8656168}