{"duration": 1.1596472263336182, "input_args": {"text": "'welcome back jeannette trump'"}, "time": 1742629185.099553}