{"duration": 0.0014870166778564453, "input_args": {"text": "'i actually think your on to something i looked at the rim of the crater and found what looks like a structure/base\\n28\u00b0 6\u201914.37\u2033N 6\u00b038\u201927.81\u2033V'"}, "time": 1742563240.5491612}