{"duration": 0.002008676528930664, "input_args": {"text": "'easy check recent razor cut'"}, "time": 1742629327.271612}