{"duration": 0.0043795108795166016, "input_args": {"text": "'nothing defeat we weponry learn msm'"}, "time": 1742629350.9178848}