{"duration": 0.0012047290802001953, "input_args": {"text": "\"Obama's weakness is very dangerous.\""}, "time": 1742564459.0978155}