{"duration": 0.0040166378021240234, "input_args": {"text": "'  deskpilot   deskpilot  '"}, "time": 1742628506.49292}