{"duration": 0.007019996643066406, "input_args": {"text": "'makes me think of \"pentagon wars\"'"}, "time": 1742561729.3208644}