{"duration": 0.013221263885498047, "input_args": {"text": "'Support Us HISTORY OF ILLUMINATI Full Documentary HD'"}, "time": 1742564194.3399825}