{"duration": 0.0032889842987060547, "input_args": {"text": "'Draining the swamp - youtube.com/watch?v=o1takU08aOI'"}, "time": 1742628576.2041361}