{"duration": 0.015682697296142578, "input_args": {"text": "'Chart Of The Day: Since 2009 Recovery For The 5%; Stagnation for the 95%  '"}, "time": 1742628576.473017}