{"duration": 0.004015445709228516, "input_args": {"text": "'know kelly position long ago'"}, "time": 1742629289.4829645}