{"duration": 0.04796910285949707, "input_args": {"text": "'Why don\u2019t they teach this to the starving people in third world countries?'"}, "time": 1742562499.6179156}