{"duration": 0.0020046234130859375, "input_args": {"text": "'\ud83d\ude42'"}, "time": 1742563494.4928846}