{"duration": 0.008201837539672852, "input_args": {"text": "'Stolen, but factual! Just shows how crooked they are!!!!'"}, "time": 1742564412.5329432}