{"duration": 0.00728297233581543, "input_args": {"text": "'More conspiracy bull stit@'"}, "time": 1742564247.8094609}