{"duration": 0.008019447326660156, "input_args": {"text": "'Support Us The Arrivals Bosanski Prijevod 09-hashemsfilms'"}, "time": 1742562062.074691}