{"duration": 0.003127574920654297, "input_args": {"text": "'try allocate'"}, "time": 1742629351.150926}