{"duration": 0.0062940120697021484, "input_args": {"text": "\"Tesla's on FIRE! \\noh wait\""}, "time": 1742562549.5978322}