{"duration": 0.006405830383300781, "input_args": {"text": "'Support Us The Arrivals Bosanski Prijevod 36-theStoryOfJesus'"}, "time": 1742562249.1206865}