{"duration": 0.005102634429931641, "input_args": {"text": "'pravdaru freebeaconcom washington free beacon pravdaru'"}, "time": 1742629383.4549503}