{"duration": 0.008019685745239258, "input_args": {"text": "'A dollar to be made and all I got was a quarter.   Sad.'"}, "time": 1742562049.1429064}