{"duration": 0.0016720294952392578, "input_args": {"text": "'David Swanson'"}, "time": 1742561878.7025156}