{"duration": 0.002004861831665039, "input_args": {"text": "'Stock \"On Fire!\"'"}, "time": 1742564368.3432996}