{"duration": 0.015837669372558594, "input_args": {"text": "'\"allies\" cringe.'"}, "time": 1742561771.1291206}