{"duration": 0.00916433334350586, "input_args": {"text": "'non gaap has always been bullshit.'"}, "time": 1742561851.6867642}