{"duration": 0.005883932113647461, "input_args": {"text": "'Posted: Nov 14th, 2016 by Guest Click for more article by Guest .. More Stories about: Ticker'"}, "time": 1742562239.7601917}