{"duration": 0.005602598190307617, "input_args": {"text": "'Trending '"}, "time": 1742564467.5900278}