{"duration": 0.004580020904541016, "input_args": {"text": "'president obama presidentelect donald trump meet white house share'"}, "time": 1742629172.3920228}