{"duration": 0.005589962005615234, "input_args": {"text": "'And cops wonder why they get no respect. Stupid fucker'"}, "time": 1742561701.3852568}