{"duration": 0.00601959228515625, "input_args": {"text": "'she is fit'"}, "time": 1742564196.064053}