{"duration": 0.006232023239135742, "input_args": {"text": "'Support Us The Illuminati Documentary SKULL AND BONES'"}, "time": 1742564079.8844283}