{"duration": 0.06144380569458008, "input_args": {"text": "'Chart Of The Day: What Recovery? Real Construction Spending Still 17.7% Below 2006 Level  '"}, "time": 1742562146.9888477}