{"duration": 0.002682924270629883, "input_args": {"text": "'thank sheriff joe job'"}, "time": 1742629343.81067}