{"duration": 0.004235506057739258, "input_args": {"text": "'Josh Earnest would make Joseph Goebbels proud.'"}, "time": 1742628535.1915884}