{"duration": 0.007143974304199219, "input_args": {"text": "'Its a sad day when they have no more aloha snack bars to give.'"}, "time": 1742564015.6138651}