{"duration": 0.015902996063232422, "input_args": {"text": "'krispy kritter'"}, "time": 1742629273.308356}