{"duration": 0.007692813873291016, "input_args": {"text": "'The Dark Art of Political Intimidation  '"}, "time": 1742628305.0611808}