{"duration": 0.0034935474395751953, "input_args": {"text": "'She should play the anti-Semitic card: \u201cThey\u2019re boycotting me because I am Jewish\u201d'"}, "time": 1742628546.6920962}