{"duration": 0.004660844802856445, "input_args": {"text": "'advertisement'"}, "time": 1742564298.0421803}