{"duration": 0.002003908157348633, "input_args": {"text": "'Chart of The Day: Massive Asset Deflation Ahead  '"}, "time": 1742563286.0727336}