{"duration": 0.0020079612731933594, "input_args": {"text": "'fuck the US government'"}, "time": 1742628428.1545167}