{"duration": 0.016684770584106445, "input_args": {"text": "'Home \u203a VIDEO \u203a PETER THIEL\u2019S NATIONAL PRESS CLUB SPEECH\u2026 PETER THIEL\u2019S NATIONAL PRESS CLUB SPEECH\u2026 0 SHARES Post navigation'"}, "time": 1742561785.681046}