{"duration": 0.00400996208190918, "input_args": {"text": "'Support Us The Arrivals Bosanski Prijevod 35-theTempleOfSolomon'"}, "time": 1742562239.0998793}