{"duration": 0.015171051025390625, "input_args": {"text": "'Could you at least learn what a pattern is?\\nThank you.'"}, "time": 1742564223.1002893}