{"duration": 0.017389774322509766, "input_args": {"text": "'forgot to add that this nee ga is a kris tee yan!!!'"}, "time": 1742563592.0817907}