{"duration": 0.010211467742919922, "input_args": {"text": "'Chart Of The Day: French Auto Production Down 45% Since 2000  '"}, "time": 1742561768.4216084}