{"duration": 0.007767677307128906, "input_args": {"text": "'  dominic_mcg   dominic_mcg  '"}, "time": 1742564439.3147297}