{"duration": 0.019469261169433594, "input_args": {"text": "'my mums fitter than her'"}, "time": 1742563400.3770454}