{"duration": 0.001111745834350586, "input_args": {"text": "'Horseshit'"}, "time": 1742563669.9515517}