{"duration": 0.0040662288665771484, "input_args": {"text": "'usa great idea store nwo plan not think accisdent mistake'"}, "time": 1742629332.4467378}