{"duration": 0.0017750263214111328, "input_args": {"text": "'Support Us Illuminati Mind Control Documentary 2016 PART 2'"}, "time": 1742563165.6137671}