{"duration": 0.04972100257873535, "input_args": {"text": "'Haaretz reports:  According to Syrian reports on Sunday, a Syrian man was killed when the vehicle he was driving was fired on by an Israeli drone in the Quneitra area in the Golan Heights. According to reports on social media, the fatality was a Hezbollah member named Yasser Assayed. [\u0645\u0635\u0627\u062f\u0631 \u0645\u062d\u0644\u064a\u0629: \u0637\u0627\u0626\u0631\u0629 \u0625\u0633\u0631\u0627\u0626\u064a\u0644\u064a\u0629 \u0645\u0633\u064a\u0631\u0629 \u0639\u0646 \u0628\u0639\u062f \u0642\u0635\u0641\u062a \u0633\u064a\u0627\u0631\u0629 \u0645\u062f\u0646\u064a\u0629 \u0645\u0627 \u0623\u062f\u0649 \u0644\u0645\u0642\u062a\u0644 \u0634\u062e\u0635 \u0645\u0646 \u0622\u0644 \u0627\u0644\u0633\u064a\u062f \u0628\u0645\u062d\u0627\u0641\u0638\u0629 #\u0627\u0644\u0642\u0646\u064a\u0637\u0631\u0629 pic. twitter.   \u2014   \u0627\u0644\u0627\u062a\u062d\u0627\u062f \u0628\u0631\u0633 (@alEtihad_Press) March 19, 2017,   There have been several reports as to Assayed\u2019s role. According to reports on Syrian opposition websites, the man was a senior officer in the regime\u2019s air defense system. At the same time, an official affiliated with the Syrian regime told Haaretz that Assayed is a member of the Golan Battalion, a mostly Druze militia that supports Syrian President Bashar Assad. The Israel Defense Forces refused to comment on the reports. Read the full story here.'"}, "time": 1742564186.9055948}