{"duration": 0.031021595001220703, "input_args": {"text": "'welcome back jeannette trump!'"}, "time": 1742628309.2723265}