{"duration": 0.008801698684692383, "input_args": {"text": "'No they will be barking to China for their crumbs.'"}, "time": 1742561896.0906641}