{"duration": 0.00307464599609375, "input_args": {"text": "'pravdaru pravdaru'"}, "time": 1742629377.5974562}