{"duration": 0.003401517868041992, "input_args": {"text": "'He lied PERIOD!'"}, "time": 1742564196.069461}