{"duration": 0.00867605209350586, "input_args": {"text": "'Currently Trending In Your Area Currently Trending In Your Area '"}, "time": 1742563284.8480704}