{"duration": 0.013660430908203125, "input_args": {"text": "'The Dome of the Rock in Jerusalem (Pixabay)'"}, "time": 1742563581.2035751}