{"duration": 0.004239797592163086, "input_args": {"text": "'Great article !'"}, "time": 1742562200.7710292}