{"duration": 0.0020341873168945312, "input_args": {"text": "'ii'"}, "time": 1742629358.424188}