{"duration": 0.019909381866455078, "input_args": {"text": "'\"a no brainer\"'"}, "time": 1742562767.4718897}