{"duration": 0.006023406982421875, "input_args": {"text": "\"That's simply not done. Bad form, you know.\""}, "time": 1742562233.5916388}