{"duration": 0.004389524459838867, "input_args": {"text": "'onfru'"}, "time": 1742629379.2121298}