{"duration": 0.01908421516418457, "input_args": {"text": "'Could you at least learn what a data point is?'"}, "time": 1742564147.738095}