{"duration": 0.0040209293365478516, "input_args": {"text": "'Says the guy who drops a link from FAUX news'"}, "time": 1742628417.7095838}