{"duration": 0.0013184547424316406, "input_args": {"text": "'I love all women, except for the fat ones, the ugly ones and the feminists!'"}, "time": 1742563165.4588695}