{"duration": 0.006742954254150391, "input_args": {"text": "'Lies and more lies--cannot trust any of those liars.'"}, "time": 1742562456.6425905}