{"duration": 0.009099006652832031, "input_args": {"text": "'HE KNEW'"}, "time": 1742561773.8115067}