{"duration": 0.008069515228271484, "input_args": {"text": "'Posted: Nov 10th, 2016 by Adrian Bamforth   Adrian Bamforth   Ticker'"}, "time": 1742628299.646591}