{"duration": 0.004133462905883789, "input_args": {"text": "'of course - how else would they disceminate teen & kiddy powrn'"}, "time": 1742628439.6829755}