{"duration": 0.006011247634887695, "input_args": {"text": "'hope he nukes the hell out of CHINA disgusting race of people'"}, "time": 1742562073.2294137}