{"duration": 0.005262136459350586, "input_args": {"text": "'  18087936) (tried to allocate 552480   255'"}, "time": 1742628559.8408027}