{"duration": 0.008013725280761719, "input_args": {"text": "'baldegar'"}, "time": 1742563815.24711}