{"duration": 0.008207559585571289, "input_args": {"text": "'Not into the zombie thing, but this movie was hilarious.'"}, "time": 1742563571.1689637}