{"duration": 0.007055759429931641, "input_args": {"text": "'Finally, the political revolt we\u2019ve all been waiting for, David Stockman tells Lew Rockwell. October 28, 2016'"}, "time": 1742562157.1565344}