{"duration": 0.009275197982788086, "input_args": {"text": "'\u201cLeach\u201d Say no more.'"}, "time": 1742561884.7018974}