{"duration": 0.016402006149291992, "input_args": {"text": "'I Dont Actualy Like Trump thoif yu like him then your an idiot\\ufeff'"}, "time": 1742564168.1934986}