{"duration": 0.004015445709228516, "input_args": {"text": "'  Adrian Bamforth   Adrian Bamforth  '"}, "time": 1742628501.280442}