{"duration": 0.007587909698486328, "input_args": {"text": "'And you think we are stupid Obama? You are as big a liar as Hillary!'"}, "time": 1742563012.1351469}