{"duration": 0.002005338668823242, "input_args": {"text": "'We tested on some folks'"}, "time": 1742564058.6502552}