{"duration": 0.0060176849365234375, "input_args": {"text": "'what about in the winter?? anyone got an answer for me'"}, "time": 1742564511.9416046}