{"duration": 0.007757663726806641, "input_args": {"text": "'Good guy.\\n\ud83d\udc4d\ud83d\udc4d\ud83d\udc4d\ud83d\udc4d'"}, "time": 1742562238.9148798}