{"duration": 0.008989810943603516, "input_args": {"text": "'Chart Of The Day: 25-Years of Bubble Finance Fantasy, Not Free Trade   \\nDavid  '"}, "time": 1742564161.7342963}