{"duration": 0.0037500858306884766, "input_args": {"text": "'busy like bullshit meme watch duck dynasty care'"}, "time": 1742629263.634004}