{"duration": 0.009743690490722656, "input_args": {"text": "'Fatal error : Out of memory (allocated 18087936) (tried to allocate 552480 bytes) in /home/pakalert/public_html/wp-settings.php on line 255'"}, "time": 1742564099.544515}