{"duration": 0.00514674186706543, "input_args": {"text": "'nope oil thank technical win btw oil levitate election'"}, "time": 1742629369.0254126}