{"duration": 0.009073972702026367, "input_args": {"text": "'notice that no one harmed the Muslims praying in Jewish structures'"}, "time": 1742563815.3538043}