{"duration": 0.0066280364990234375, "input_args": {"text": "\"Let's see - #1 liar denies knowledge of #2 liar's server. Do I have that correct?\""}, "time": 1742562294.9830592}