{"duration": 0.003988742828369141, "input_args": {"text": "'fotodomru pravdaru'"}, "time": 1742629372.9457836}