{"duration": 0.015725374221801758, "input_args": {"text": "'\\n'"}, "time": 1742562082.7777302}