{"duration": 0.016370534896850586, "input_args": {"text": "'toyota cresta ford focus great wall daewoo matiz'"}, "time": 1742629284.2210767}