{"duration": 0.0012919902801513672, "input_args": {"text": "'Homeless Trump Supporter guards Trump\u2019s star on Hollywood Blvd\u2026\u201c20 million illegals and Americans sleep on streets\u201d  '"}, "time": 1742564059.1215339}