{"duration": 0.003337383270263672, "input_args": {"text": "'pravdaru food stamp'"}, "time": 1742629366.108799}