{"duration": 0.015927553176879883, "input_args": {"text": "'xv xvii pravdaru'"}, "time": 1742629257.8918238}