{"duration": 0.005321502685546875, "input_args": {"text": "'Florida for Trump!'"}, "time": 1742562215.7148268}