{"duration": 0.002008199691772461, "input_args": {"text": "'pravdaru pravda ru'"}, "time": 1742629231.0913343}