{"duration": 0.005651235580444336, "input_args": {"text": "'f'"}, "time": 1742561707.2641826}