{"duration": 0.016063451766967773, "input_args": {"text": "'pravdaru pravda r u ii wikileak national catholic register'"}, "time": 1742629312.4727895}