{"duration": 0.01327061653137207, "input_args": {"text": "'In reality, Julian Assange will never be safe anywhere.'"}, "time": 1742563233.6408064}