{"duration": 0.017821550369262695, "input_args": {"text": "'weasel sit tail leg watch china take even territory lol'"}, "time": 1742629278.8666582}