{"duration": 0.01077890396118164, "input_args": {"text": "'Wow, you sound completely psychotic.'"}, "time": 1742564430.601037}