{"duration": 0.0011980533599853516, "input_args": {"text": "'How about adding that he is a CHRISTIAN!!!'"}, "time": 1742562331.9606924}