{"duration": 0.01510930061340332, "input_args": {"text": "'About the EU and NATO . (Thanks to Daniel McAdams) 12:29 pm on October 28, 2016'"}, "time": 1742562201.656938}