{"duration": 0.015668153762817383, "input_args": {"text": "'Can we shoot this delusional fuck to Mars! ?'"}, "time": 1742562926.0349734}