{"duration": 0.010236740112304688, "input_args": {"text": "'JUST VOTE TRUMP LETs PUT THE HAG OUT TO PASTURE SHE IS A SELLOUT LIAR!!!'"}, "time": 1742562471.6227658}