{"duration": 0.009657859802246094, "input_args": {"text": "'  '"}, "time": 1742561718.1148973}