{"duration": 0.014678716659545898, "input_args": {"text": "\"It's a good thing the crew was able to escape in time.\""}, "time": 1742564419.6801922}