{"duration": 0.009855031967163086, "input_args": {"text": "'(Starcraft)\\nHell, it\u2019s about time.'"}, "time": 1742563609.2889073}