{"duration": 0.004927873611450195, "input_args": {"text": "'Sounds good, Pedro.'"}, "time": 1742562065.6688557}