{"duration": 0.008493661880493164, "input_args": {"text": "'Thank you, China.'"}, "time": 1742562032.8492134}