{"duration": 0.002009153366088867, "input_args": {"text": "'very good point'"}, "time": 1742628460.1152444}