{"duration": 0.012543678283691406, "input_args": {"text": "'sadly i think we might see that first hand.'"}, "time": 1742561733.3270447}