{"duration": 0.004018068313598633, "input_args": {"text": "'They\u2019re too busy liking bullshit memes and watching duck dynasty than to care.'"}, "time": 1742628438.7264962}