{"duration": 0.009015798568725586, "input_args": {"text": "'Cool'"}, "time": 1742563381.8003042}