{"duration": 0.003966093063354492, "input_args": {"text": "'RECENT POSTS '"}, "time": 1742564212.5619566}