{"duration": 0.008624553680419922, "input_args": {"text": "'Boycott the NFL'"}, "time": 1742563582.837322}