{"duration": 1.2502508163452148, "input_args": {"text": "'That would be unconstitutional.'"}, "time": 1742563434.2476761}