{"duration": 0.005090475082397461, "input_args": {"text": "'associate press telegram telegram join'"}, "time": 1742629382.216753}