{"duration": 0.0062525272369384766, "input_args": {"text": "'Why in the world would she start a business at this time?'"}, "time": 1742562344.3917565}