{"duration": 0.005017995834350586, "input_args": {"text": "'  Guest   Guest .. More Stories about: Ticker'"}, "time": 1742562625.7055633}