{"duration": 0.01572418212890625, "input_args": {"text": "'Racist drivel.'"}, "time": 1742562264.5109518}