{"duration": 0.008517026901245117, "input_args": {"text": "'MASSIVE CORRUPTION SCANDAL UNCOVERED IN FONTANA. SECRET SLUSH FUND. by IWB \u00b7 October 27, 2016'"}, "time": 1742561973.1869059}