{"duration": 0.008931159973144531, "input_args": {"text": "'Support Us NATIONAL GEOGRAPHIC \u2013 The ARMAGEDDON (Documentary Film)'"}, "time": 1742563959.7361944}