{"duration": 0.015643596649169922, "input_args": {"text": "'not worry sheriff joe back'"}, "time": 1742629231.5307002}