{"duration": 0.006014347076416016, "input_args": {"text": "'Obama Lied -Wikileaks: Panic Over Clinton Emails To Pres Obama  '"}, "time": 1742563444.989969}