{"duration": 1.6178877353668213, "input_args": {"text": "'Zog Benegeserit\\nNewt Gingrich rekt her too.\\nMegyn-Kelly-Newt-Gingrich-screenshot-640x480.jpg 640x480 75.7 KB'"}, "time": 1742562722.6799598}