{"duration": 0.006972074508666992, "input_args": {"text": "'  Nice Admin Lady  '"}, "time": 1742562667.1131322}